"ref","tag","found_in","phrase"
"W1988137805","topic:foreign-policy","abstract","foreign policy"
"W1988137805","topic:parties","title","party"
"W1988137805","topic:parties","title","manifesto"
"W1988137805","topic:economy-welfare","abstract","inequality"
"W1988137805","topic:religion","title","islamic"
"W1988137805","topic:religion","title","islamist"
"W1988137805","topic:religion","abstract","islamist"
"W1988137805","topic:religion","abstract","islamic"
"W1988137805","topic:democracy-institutions","abstract","liberal democracy"
"W1988137805","topic:democracy-institutions","abstract","democratisation"
"W1988137805","region:mena","title","middle east"
"W1988137805","region:mena","abstract","middle east"
"W1988137805","country:lebanon","title","lebanon"
"W1988137805","country:lebanon","abstract","lebanon"
"W2014785726","topic:economy-welfare","title","fiscal"
"W2002038884","topic:spatial","title","rural"
"W2002038884","topic:economy-welfare","abstract","globalization"
"W2002038884","topic:economy-welfare","abstract","neoliberalism"
"W2150840193","country:united-kingdom","title","northern ireland"
"W2150840193","country:israel","title","israel"
"W2150840193","country:palestine","title","palestine"
"W2150840193","region:europe","rule","from the country named"
"W2150840193","region:mena","rule","from the country named"
"W2005343865","topic:economy-welfare","title","financial crisis"
"W2005343865","topic:economy-welfare","abstract","financial crisis"
"W2005343865","region:asia-pacific","title","asian"
"W2005343865","region:asia-pacific","abstract","asian"
"W2005343865","region:asia-pacific","abstract","east asian"
"W2005343865","country:philippines","title","philippine (+ political word)"
"W2005343865","country:philippines","abstract","philippine (+ political word)"
"W2119775152","topic:spatial","title","rural"
"W2119775152","country:ireland","title","ireland"
"W2119775152","country:ireland","abstract","ireland"
"W2119775152","region:europe","rule","from the country named"
"W1487372915","topic:media-communication","title","propaganda"
"W1993416290","topic:economy-welfare","title","neoliberalism"
"W1993416290","topic:economy-welfare","title","economy"
"W1993416290","topic:economy-welfare","abstract","economic"
"W1993416290","topic:economy-welfare","abstract","neoliberal"
"W1993416290","country:argentina","title","argentina"
"W1993416290","region:latin-america","rule","from the country named"
"W2331652463","topic:religion","title","religion"
"W2023720396","approach:discursive","title","laclau"
"W1971916410","topic:media-communication","abstract","rhetoric"
"W1971916410","topic:media-communication","abstract","rhetorical"
"W2009383531","topic:defence-security","title","war"
"W2067018331","topic:parties","abstract","party"
"W2067018331","country:united-kingdom","title","northern ireland"
"W2067018331","region:europe","rule","from the country named"
"W2113534261","approach:performative","abstract","populist style"
"W2113534261","topic:foreign-policy","title","diplomacy"
"W2113534261","topic:foreign-policy","abstract","diplomacy"
"W2113534261","topic:foreign-policy","abstract","foreign policy"
"W2113534261","topic:foreign-policy","abstract","diplomatic"
"W2113534261","method:qualitative","abstract","archival"
"W2113534261","method:qualitative","abstract","interviews"
"W2113534261","region:north-america","title","north america"
"W2113534261","country:united-states","abstract","united states"
"W2113534261","country:united-states","abstract","us"
"W2113534261","country:cuba","abstract","cuba"
"W2113534261","region:latin-america","rule","from the country named"
"W2105876129","topic:religion","title","evangelical"
"W2105876129","topic:religion","title","religion"
"W2332986720","topic:religion","title","religion"
"W2094961680","country:argentina","title","argentina"
"W2094961680","country:argentina","title","peron"
"W2094961680","region:latin-america","rule","from the country named"
"W2059906594","topic:media-communication","abstract","media"
"W2031394558","todo:check-record","rule","the registry writes the names in capitals (BALE, TAGGART, and WEBB): to be corrected in Zotero by hand"
"W1984141295","todo:check-outlet","journal","Survival"
"W1984141295","topic:economy-welfare","abstract","economics"
"W1984141295","topic:economy-welfare","abstract","economic"
"W1984141295","region:latin-america","title","latin america"
"W1984141295","country:united-states","abstract","united states"
"W1984141295","country:united-states","abstract","us"
"W1984141295","region:north-america","rule","from the country named"
"W1504109868","region:latin-america","title","latin america"
"W1504109868","country:costa-rica","title","costa rica"
"W1534256208","topic:media-communication","title","media"
"W1534256208","country:israel","title","israel"
"W1534256208","region:mena","rule","from the country named"
"W2059250815","country:india","title","india"
"W2059250815","country:ghana","title","ghana"
"W2059250815","region:asia-pacific","rule","from the country named"
"W2059250815","region:sub-saharan-africa","rule","from the country named"
"W2507472764","country:costa-rica","title","costa rica"
"W2507472764","region:latin-america","rule","from the country named"
"W2128287250","topic:media-communication","title","media"
"W2128287250","country:israel","title","israel"
"W2128287250","region:mena","rule","from the country named"
"W2043726410","topic:parties","title","radical right"
"W2043726410","topic:voters","title","voter"
"W2043726410","country:israel","title","israeli (+ political word)"
"W2043726410","country:israel","abstract","israeli (+ political word)"
"W2043726410","region:mena","rule","from the country named"
"W2056175156","topic:parties","title","populist movement"
"W1987375503","country:italy","title","italy"
"W1987375503","country:italy","title","berlusconi"
"W1987375503","country:italy","abstract","italy"
"W1987375503","country:italy","abstract","berlusconi"
"W1987375503","country:italy","abstract","forza italia"
"W1987375503","country:italy","abstract","lega nord"
"W1987375503","region:europe","rule","from the country named"
"W76958502","region:latin-america","title","latin america"
"W2124307432","country:brazil","title","brazil"
"W2124307432","country:brazil","abstract","brazil"
"W2124307432","country:brazil","abstract","brazilian (+ political word)"
"W2124307432","region:latin-america","rule","from the country named"
"W1969758870","country:south-korea","title","south korea"
"W1969758870","region:asia-pacific","rule","from the country named"
"W2021962979","topic:religion","title","islamic"
"W2021962979","topic:religion","title","religious"
"W2021962979","topic:religion","abstract","religion"
"W2021962979","topic:religion","abstract","islamic"
"W2021962979","topic:religion","abstract","religious"
"W2921599572","topic:democracy-institutions","title","constitutionalism"
"W2921599572","region:europe","abstract","eastern european"
"W2921599572","region:europe","abstract","eastern europe"
"W2127823417","topic:parties","abstract","parties"
"W2127823417","region:europe","abstract","eastern europe"
"W2127823417","region:europe","abstract","europe"
"W108617114","topic:gender","abstract","gender"
"W108617114","topic:gender","abstract","women"
"W108617114","topic:religion","abstract","religious"
"W108617114","topic:religion","abstract","church"
"W108617114","topic:religion","abstract","religion"
"W108617114","topic:democracy-institutions","title","constitutionalism"
"W2038513160","topic:media-communication","title","media"
"W2000943976","region:sub-saharan-africa","title","african"
"W2000943976","region:sub-saharan-africa","title","africa"
"W2031797443","country:india","title","india"
"W2031797443","country:ghana","title","ghana"
"W2031797443","region:asia-pacific","rule","from the country named"
"W2031797443","region:sub-saharan-africa","rule","from the country named"
"W2141714151","topic:defence-security","title","war"
"W2141714151","topic:spatial","title","rural"
"W2508453602","country:spain","title","spain"
"W2508453602","region:europe","rule","from the country named"
"W80220906","country:austria","title","austria"
"W80220906","country:austria","title","haider"
"W80220906","region:europe","rule","from the country named"
"W2041456843","country:costa-rica","title","costa rica"
"W2041456843","region:latin-america","rule","from the country named"
"W1975205906","topic:media-communication","title","rhetoric"
"W2003834353","region:latin-america","title","latin america"
"W2032763246","topic:parties","title","right wing populism"
"W2032763246","topic:parties","title","party"
"W2032763246","country:austria","title","austria"
"W2032763246","region:europe","rule","from the country named"
"W2015214578","topic:media-communication","title","communications"
"W2015214578","topic:media-communication","abstract","communications"
"W2015214578","topic:media-communication","abstract","media"
"W2015214578","country:australia","title","australia"
"W2015214578","country:australia","abstract","australia"
"W2015214578","country:australia","abstract","australian (+ political word)"
"W2015214578","region:asia-pacific","rule","from the country named"
"W2037884320","topic:parties","abstract","parties"
"W2037884320","topic:parties","abstract","party"
"W2037884320","topic:economy-welfare","abstract","economy"
"W2037884320","topic:economy-welfare","abstract","economic"
"W2065570676","country:australia","title","australia"
"W2065570676","region:asia-pacific","rule","from the country named"
"W2061693357","topic:economy-welfare","title","economy"
"W1978053492","topic:democracy-institutions","title","populism and democracy"
"W2091231633","country:spain","title","spain"
"W2091231633","region:europe","rule","from the country named"
"W2165539583","topic:democracy-institutions","title","authoritarian"
"W2165539583","country:argentina","abstract","argentina"
"W2165539583","country:argentina","abstract","argentine (+ political word)"
"W2165539583","region:latin-america","rule","from the country named"
"W1982423538","country:costa-rica","title","costa rica"
"W1982423538","region:latin-america","rule","from the country named"
"W2009232515","todo:check-record","rule","the registry writes the names in capitals (PHILLIPS): to be corrected in Zotero by hand"
"W2009232515","topic:economy-welfare","title","neoliberalization"
"W2064128023","country:costa-rica","title","costa rica"
"W2064128023","region:latin-america","rule","from the country named"
"W2080828078","country:costa-rica","title","costa rica"
"W2080828078","region:latin-america","rule","from the country named"
"W4206479037","country:costa-rica","title","costa rica"
"W4206479037","region:latin-america","rule","from the country named"
"W4246914771","country:spain","title","spain"
"W4246914771","region:europe","rule","from the country named"
"W4250261762","country:united-states","title","american (+ political word)"
"W4250261762","region:north-america","rule","from the country named"
"W7164922957","country:south-korea","title","korea"
"W7164922957","region:asia-pacific","rule","from the country named"
"W2092113063","topic:media-communication","title","media"
"W4240555262","country:costa-rica","title","costa rica"
"W4240555262","region:latin-america","rule","from the country named"
"W1974994878","topic:media-communication","title","rhetoric"
"W2122058774","topic:voters","abstract","attitudes"
"W2122058774","topic:gender","abstract","masculinity"
"W2122058774","topic:gender","abstract","patriarchal"
"W2122058774","topic:gender","abstract","masculinite"
"W2122058774","method:qualitative","abstract","interviews"
"W231334659","topic:spatial","title","rural"
"W231334659","country:india","title","india"
"W231334659","region:asia-pacific","rule","from the country named"
"W2032839844","country:nicaragua","title","nicaragua"
"W2032839844","country:nicaragua","abstract","nicaragua"
"W2032839844","country:nicaragua","abstract","nicaraguan (+ political word)"
"W2032839844","region:latin-america","rule","from the country named"
"W1987892086","country:brazil","title","brazil"
"W1987892086","region:latin-america","rule","from the country named"
"W20086510","topic:voters","title","public opinion"
"W2017254088","topic:parties","title","parties"
"W2017254088","region:europe","title","european"
"W2017254088","region:europe","title","europe"
"W1968190035","topic:religion","title","religious"
"W1968190035","country:russia","title","russian (+ political word)"
"W1968190035","region:europe","rule","from the country named"
"W2066269402","topic:international","title","eu"
"W2066269402","region:europe","title","eu"
"W2066269402","country:austria","title","austrian (+ political word)"
"W2802588886","topic:voters","title","public opinion"
"W4231224063","country:united-states","title","american (+ political word)"
"W4231224063","region:north-america","rule","from the country named"
"W2921522238","topic:defence-security","title","terrorism"
"W2097372860","country:austria","title","austria"
"W2097372860","country:austria","title","haider"
"W2097372860","region:europe","rule","from the country named"
"W2794233340","topic:economy-welfare","title","neoliberalisation"
"W2485565074","topic:economy-welfare","abstract","economic"
"W2485565074","region:europe","title","europe"
"W2485565074","country:turkey","abstract","turkey"
"W2485565074","country:turkey","abstract","turkish (+ political word)"
"W4241092412","todo:check-record","rule","the registry names the author twice (McGuigan and Mcguigan): to be corrected in Zotero by hand"
"W4241092412","topic:media-communication","abstract","communications"
"W4241092412","topic:media-communication","abstract","media"
"W4241092412","topic:media-communication","abstract","television"
"W4241092412","topic:media-communication","abstract","communication"
"W4241092412","topic:media-communication","abstract","journalism"
"W2156535001","region:europe","title","europe"
"W2031836451","topic:spatial","title","rural"
"W2031836451","country:ireland","title","ireland"
"W2031836451","region:europe","rule","from the country named"
"W2065436602","country:norway","title","norway"
"W2065436602","region:europe","rule","from the country named"
"W4300572026","topic:defence-security","title","terrorism"
"W4248685946","country:austria","title","austria"
"W4248685946","country:austria","title","haider"
"W4248685946","region:europe","rule","from the country named"
"W2944185670","todo:check-record","rule","the registry writes the names in capitals (CRABTREE): to be corrected in Zotero by hand"
"W2944185670","region:latin-america","title","latin america"
"W2944185670","country:ecuador","title","ecuadorian (+ political word)"
"W2030985978","region:sub-saharan-africa","title","sub saharan africa"
"W4231489517","topic:international","title","european union"
"W4231489517","region:europe","title","european"
"W4231489517","country:austria","title","austria"
"W4231489517","country:germany","title","germany"
"W1982112236","topic:economy-welfare","title","economics"
"W1982112236","topic:economy-welfare","abstract","economic"
"W1982112236","topic:economy-welfare","abstract","economics"
"W1982112236","country:iran","title","iran"
"W1982112236","region:mena","rule","from the country named"
"W1967462950","topic:parties","title","partisanship"
"W1967462950","topic:democracy-institutions","title","referendum"
"W1967462950","topic:democracy-institutions","abstract","constitutional"
"W1967462950","topic:democracy-institutions","abstract","referendum"
"W1967462950","method:survey","abstract","survey data"
"W2022269449","topic:religion","title","religious"
"W2022269449","topic:democracy-institutions","title","authoritarian"
"W2073992483","topic:economy-welfare","abstract","neoliberal"
"W2073992483","topic:economy-welfare","abstract","globalisation"
"W2073992483","region:asia-pacific","title","southeast asia"
"W2073992483","region:asia-pacific","title","asian"
"W2073992483","region:asia-pacific","abstract","asian"
"W2314810604","topic:parties","abstract","party"
"W2314810604","country:cambodia","title","cambodia"
"W2314810604","region:asia-pacific","rule","from the country named"
"W2333943882","topic:religion","abstract","sacred"
"W2333943882","topic:religion","abstract","religious"
"W2333943882","country:russia","abstract","russia"
"W2333943882","region:europe","rule","from the country named"
"W1936889562","todo:check-record","rule","the registry writes the names in capitals (BAK): to be corrected in Zotero by hand"
"W1936889562","country:venezuela","title","venezuela"
"W1936889562","region:latin-america","rule","from the country named"
"W2120349091","topic:spatial","abstract","rural"
"W2006034132","topic:media-communication","title","media"
"W2006034132","country:venezuela","title","venezuela"
"W2006034132","region:latin-america","rule","from the country named"
"W1975647223","todo:check-record","rule","the registry writes the names in capitals (FETTER): to be corrected in Zotero by hand"
"W1975647223","country:belgium","title","belgium"
"W1975647223","region:europe","rule","from the country named"
"W2068076321","topic:parties","title","parties"
"W2068076321","topic:voters","title","citizens"
"W2068076321","country:india","title","india"
"W2068076321","region:asia-pacific","rule","from the country named"
"W2092470897","todo:check-record","rule","the registry writes the names in capitals (PANIZZA): to be corrected in Zotero by hand"
"W2092470897","region:latin-america","title","latin america"
"W4236527716","topic:parties","title","parties"
"W4236527716","topic:voters","title","citizens"
"W4236527716","country:india","title","india"
"W4236527716","region:asia-pacific","rule","from the country named"
"W2043337224","topic:economy-welfare","abstract","neoliberal"
"W2043337224","topic:economy-welfare","abstract","economic"
"W2043337224","country:argentina","title","menem"
"W2043337224","country:argentina","abstract","argentina"
"W2043337224","country:argentina","abstract","menem"
"W2043337224","country:argentina","abstract","argentine (+ political word)"
"W2043337224","region:latin-america","rule","from the country named"
"W2151432556","topic:economy-welfare","title","economy"
"W2151432556","topic:economy-welfare","abstract","economy"
"W2151432556","topic:economy-welfare","abstract","welfare"
"W2151432556","topic:economy-welfare","abstract","unemployment"
"W2151432556","topic:economy-welfare","abstract","social policy"
"W1579873321","topic:economy-welfare","abstract","economics"
"W1579873321","topic:economy-welfare","abstract","economic"
"W2076583313","topic:religion","title","religion"
"W2076583313","country:india","title","india"
"W2076583313","region:asia-pacific","rule","from the country named"
"W4246002276","topic:democracy-institutions","abstract","constitution"
"W4246002276","country:venezuela","title","venezuela"
"W4246002276","country:venezuela","abstract","venezuela"
"W4246002276","country:venezuela","abstract","chavez"
"W4246002276","country:venezuela","abstract","venezuelan (+ political word)"
"W4246002276","region:latin-america","rule","from the country named"
"W2065616329","country:mexico","title","mexico"
"W2065616329","region:latin-america","rule","from the country named"
"W2065168525","country:russia","title","russia"
"W2065168525","country:ukraine","title","ukraine"
"W2065168525","region:europe","rule","from the country named"
"W2313682324","topic:parties","title","parties"
"W2060658738","topic:parties","title","party"
"W2060658738","country:united-states","abstract","united states"
"W2060658738","country:united-states","abstract","u s"
"W2060658738","region:north-america","rule","from the country named"
"W2092878984","topic:democracy-institutions","title","authoritarian"
"W2092878984","country:argentina","title","argentina"
"W2092878984","region:latin-america","rule","from the country named"
"W2470401602","topic:media-communication","abstract","media"
"W2470401602","topic:media-communication","abstract","newspaper"
"W2470401602","topic:media-communication","abstract","newspapers"
"W2470401602","topic:media-communication","abstract","television"
"W1992851827","topic:media-communication","title","rhetoric"
"W130033188","topic:media-communication","title","media"
"W130033188","country:ecuador","title","ecuador"
"W130033188","region:latin-america","rule","from the country named"
"W4399953499","topic:foreign-policy","title","foreign policy"
"W4399953499","topic:parties","abstract","party"
"W4399953499","topic:parties","abstract","party leadership"
"W4399953499","country:united-states","title","american (+ political word)"
"W4399953499","country:united-states","abstract","u s"
"W4399953499","country:united-states","abstract","american (+ political word)"
"W4399953499","region:north-america","rule","from the country named"
"W2041946731","topic:parties","abstract","party"
"W2041946731","country:venezuela","abstract","venezuela"
"W2041946731","country:venezuela","abstract","venezuelan (+ political word)"
"W2041946731","region:latin-america","rule","from the country named"
"W2050646262","topic:religion","title","religious"
"W2114856249","topic:gender","title","feminism"
"W2114856249","country:iran","title","iran"
"W2114856249","region:mena","rule","from the country named"
"W2313178821","topic:parties","title","populist movement"
"W2313178821","topic:gender","title","women"
"W1999663972","topic:parties","abstract","populist politicians"
"W1999663972","topic:parties","abstract","candidates"
"W1999663972","region:latin-america","title","south america"
"W2105665404","todo:check-record","rule","the registry writes the names in capitals (HOLBROOK): to be corrected in Zotero by hand"
"W2009412305","country:united-states","title","united states"
"W2009412305","region:north-america","rule","from the country named"
"W2024402319","country:argentina","title","argentina"
"W2024402319","region:latin-america","rule","from the country named"
"W2288516866","country:norway","title","norway"
"W2288516866","region:europe","rule","from the country named"
"W2132886829","todo:check-record","rule","the registry writes the names in capitals (WOOLLEY): to be corrected in Zotero by hand"
"W2019784558","topic:religion","title","religion"
"W2019784558","topic:religion","abstract","religion"
"W2019784558","topic:religion","abstract","religious"
"W2019784558","topic:religion","abstract","evangelical"
"W2019784558","topic:religion","abstract","religiously"
"W2019784558","topic:religion","abstract","religionists"
"W2036114192","country:russia","title","russia"
"W2036114192","country:argentina","title","argentine (+ political word)"
"W2036114192","region:europe","rule","from the country named"
"W2036114192","region:latin-america","rule","from the country named"
"W1998485910","todo:check-record","rule","the registry writes the names in capitals (THOMAS): to be corrected in Zotero by hand"
"W1998485910","topic:religion","title","muslim"
"W1998485910","country:algeria","title","algeria"
"W1998485910","country:tunisia","title","tunisia"
"W1998485910","region:mena","rule","from the country named"
"W2062257242","topic:democracy-institutions","title","authoritarian"
"W2062257242","country:malaysia","title","malaysia"
"W2062257242","region:asia-pacific","rule","from the country named"
"W2071323865","topic:religion","title","muslim"
"W2071323865","country:algeria","title","algeria"
"W2071323865","country:tunisia","title","tunisia"
"W2071323865","region:mena","rule","from the country named"
"W2092346769","topic:religion","title","muslim"
"W2092346769","country:algeria","title","algeria"
"W2092346769","country:tunisia","title","tunisia"
"W2092346769","region:mena","rule","from the country named"
"W2324826185","topic:parties","title","populist movement"
"W2324826185","topic:gender","title","women"
"W2097474541","topic:economy-welfare","title","economy"
"W2097474541","country:united-states","title","american (+ political word)"
"W2097474541","country:united-states","abstract","american (+ political word)"
"W2097474541","region:north-america","rule","from the country named"
"W320272153","topic:parties","abstract","parties"
"W320272153","topic:media-communication","abstract","communication"
"W320272153","topic:media-communication","abstract","media"
"W2042790455","country:poland","title","poland"
"W2042790455","region:europe","rule","from the country named"
"W2587476773","topic:democracy-institutions","title","authoritarian"
"W2587476773","country:malaysia","title","malaysia"
"W2587476773","region:asia-pacific","rule","from the country named"
"W2184522147","todo:check-record","rule","the registry writes the names in capitals (BOXILL): to be corrected in Zotero by hand"
"W1979091659","topic:gender","title","women"
"W1979091659","topic:gender","abstract","women"
"W1979091659","topic:gender","abstract","gender"
"W1979091659","country:hungary","title","hungarian (+ political word)"
"W1979091659","country:hungary","abstract","hungary"
"W1979091659","country:hungary","abstract","hungarian (+ political word)"
"W1979091659","region:europe","rule","from the country named"
"W1894508937","country:united-states","title","american (+ political word)"
"W1894508937","region:north-america","rule","from the country named"
"W190895471","topic:democracy-institutions","title","rule of law"
"W1986132864","topic:democracy-institutions","title","authoritarian"
"W1986132864","country:malaysia","title","malaysia"
"W1986132864","region:asia-pacific","rule","from the country named"
"W2569535456","topic:democracy-institutions","title","courts"
"W4252258368","topic:gender","title","feminism"
"W4252258368","topic:gender","title","women"
"W4252258368","country:iran","title","iran"
"W4252258368","region:mena","rule","from the country named"
"W4414174897","topic:economy-welfare","title","neoliberal"
"W2335699406","topic:media-communication","title","frames"
"W2335699406","country:italy","title","italy"
"W2335699406","region:europe","rule","from the country named"
"W2018633297","country:south-africa","title","south africa"
"W2018633297","region:sub-saharan-africa","rule","from the country named"
"W2502226853","topic:gender","title","feminism"
"W2502226853","country:iran","title","iran"
"W2502226853","region:mena","rule","from the country named"
"W2135736800","topic:democracy-institutions","title","authoritarianism"
"W2135736800","topic:democracy-institutions","abstract","parliamentary oversight"
"W2135736800","topic:democracy-institutions","abstract","judicial"
"W2135736800","topic:democracy-institutions","abstract","democratic institutions"
"W2135736800","topic:democracy-institutions","abstract","constitutionalism"
"W2135736800","country:taiwan","title","taiwan"
"W2135736800","country:taiwan","abstract","taiwan"
"W2135736800","region:asia-pacific","rule","from the country named"
"W1970558709","topic:parties","title","populist movement"
"W1970558709","topic:economy-welfare","title","economic"
"W1970558709","topic:economy-welfare","abstract","economic"
"W1970558709","method:quantitative","abstract","regression"
"W1970558709","country:united-states","title","u s"
"W1970558709","region:north-america","rule","from the country named"
"W1964806654","approach:economic","title","macroeconomic populism"
"W1964806654","topic:parties","abstract","candidates"
"W1964806654","topic:parties","abstract","candidate"
"W1964806654","topic:government","abstract","populist governments"
"W1964806654","topic:government","abstract","populist government"
"W1964806654","topic:economy-welfare","abstract","economic"
"W1964806654","topic:economy-welfare","abstract","inequalities"
"W1964806654","topic:economy-welfare","abstract","economy"
"W1964806654","country:peru","title","peruvian (+ political word)"
"W1964806654","region:latin-america","rule","from the country named"
"W1981446867","topic:parties","title","party"
"W1981446867","topic:parties","title","parties"
"W1981446867","topic:parties","title","party system"
"W1981446867","region:europe","title","european"
"W2066156146","topic:international","abstract","transnational"
"W2066156146","topic:media-communication","abstract","media"
"W2066156146","topic:media-communication","abstract","television"
"W2066156146","topic:media-communication","abstract","communication"
"W2001847257","topic:gender","title","feminist"
"W2001847257","topic:gender","abstract","feminist"
"W2001847257","topic:gender","abstract","gender"
"W2166995543","topic:economy-welfare","title","economy"
"W2166995543","topic:economy-welfare","abstract","economy"
"W2166995543","topic:economy-welfare","abstract","redistributional"
"W2503562682","topic:parties","title","radical right"
"W2503562682","region:europe","title","western europe"
"W2066305509","topic:gender","title","feminism"
"W2066305509","topic:gender","title","women"
"W2066305509","country:iran","title","iran"
"W2066305509","region:mena","rule","from the country named"
"W2096470087","topic:parties","title","party"
"W2096470087","topic:parties","title","right wing populism"
"W2320333883","country:united-states","title","american (+ political word)"
"W2320333883","region:north-america","rule","from the country named"
"W2588700829","region:europe","title","european"
"W2606528325","topic:parties","title","radical right"
"W2606528325","region:europe","title","western europe"
"W2316142370","topic:spatial","title","center periphery"
"W2316142370","country:italy","title","italy"
"W2316142370","region:europe","rule","from the country named"
"W1992337886","topic:parties","title","parties"
"W2001627566","topic:religion","title","catholic"
"W2001627566","country:brazil","title","brazil"
"W2001627566","region:latin-america","rule","from the country named"
"W2084202423","topic:parties","title","right wing populism"
"W2084202423","topic:economy-welfare","abstract","economy"
"W2084202423","topic:economy-welfare","abstract","welfare"
"W2015896240","topic:migration","title","immigration"
"W2015896240","country:united-kingdom","title","british (+ political word)"
"W2015896240","region:europe","rule","from the country named"
"W2066559031","topic:voters","abstract","voters"
"W3008360471","topic:spatial","title","rural"
"W2025562986","topic:democracy-institutions","title","court"
"W2060454078","topic:parties","title","manifesto"
"W2060454078","topic:democracy-institutions","title","constitutional"
"W2319678517","topic:democracy-institutions","title","courts"
"W2321309848","topic:democracy-institutions","title","courts"
"W2948415063","topic:religion","title","muslim"
"W2948415063","country:algeria","title","algeria"
"W2948415063","country:tunisia","title","tunisia"
"W2948415063","region:mena","rule","from the country named"
"W4251864724","topic:democracy-institutions","title","courts"
"W2323743219","topic:media-communication","title","rhetoric"
"W2323743219","topic:religion","title","religious"
"W2323743219","topic:religion","title","religion"
"W2323743219","country:united-states","title","american (+ political word)"
"W2323743219","region:north-america","rule","from the country named"
"W2606356311","country:greece","title","greece"
"W2606356311","region:europe","rule","from the country named"
"W2083174703","topic:parties","abstract","populist left"
"W2083174703","topic:parties","abstract","party"
"W2083174703","topic:economy-welfare","title","economy"
"W2083174703","topic:economy-welfare","abstract","neoliberal"
"W2083174703","topic:economy-welfare","abstract","economic"
"W2083174703","country:bolivia","title","bolivia"
"W2083174703","country:bolivia","abstract","bolivia"
"W2083174703","country:bolivia","abstract","bolivian (+ political word)"
"W2083174703","region:latin-america","rule","from the country named"
"W2091709269","country:germany","title","german (+ political word)"
"W2091709269","region:europe","rule","from the country named"
"W1969675050","topic:parties","title","populist leader"
"W1969675050","topic:parties","abstract","populist leader"
"W1969675050","country:ecuador","title","ecuador"
"W1969675050","region:latin-america","rule","from the country named"
"W1992234074","country:south-africa","title","south africa"
"W1992234074","region:sub-saharan-africa","rule","from the country named"
"W1986360429","approach:economic","title","macroeconomic populism"
"W1986360429","approach:economic","abstract","macroeconomic populism"
"W1986360429","country:south-africa","title","south africa"
"W1986360429","country:south-africa","abstract","south africa"
"W1986360429","region:sub-saharan-africa","rule","from the country named"
"W2093231333","topic:foreign-policy","title","foreign policy"
"W2093231333","topic:foreign-policy","abstract","foreign policy"
"W2093231333","topic:voters","abstract","attitudes"
"W2093231333","topic:democracy-institutions","abstract","democratization"
"W2093231333","topic:democracy-institutions","abstract","democratisation"
"W2093231333","country:canada","title","canadian (+ political word)"
"W2093231333","country:canada","abstract","canada"
"W2093231333","region:north-america","rule","from the country named"
"W2045072348","todo:check-record","rule","the registry writes the names in capitals (BEDAU): to be corrected in Zotero by hand"
"W2045072348","country:united-states","title","american (+ political word)"
"W2045072348","region:north-america","rule","from the country named"
"W2164561504","topic:economy-welfare","abstract","economy"
"W2164561504","topic:economy-welfare","abstract","economic"
"W2164561504","topic:economy-welfare","abstract","redistributing"
"W2001687967","region:sub-saharan-africa","abstract","africa"
"W4414176602","country:argentina","title","argentina"
"W4414176602","region:latin-america","rule","from the country named"
"W2030231097","topic:democracy-institutions","title","courts"
"W2055175301","topic:economy-welfare","abstract","economic"
"W2055175301","country:russia","title","russia"
"W2055175301","region:europe","rule","from the country named"
"W2068466031","topic:parties","title","party"
"W2099217626","topic:religion","title","religion"
"W1984959416","topic:democracy-institutions","title","constitutional"
"W1984959416","topic:democracy-institutions","abstract","constitution"
"W1984959416","topic:democracy-institutions","abstract","constitutional"
"W1984959416","country:iran","title","iranian (+ political word)"
"W1984959416","country:iran","abstract","iran"
"W1984959416","region:mena","rule","from the country named"
"W2006955432","topic:economy-welfare","title","economic"
"W2006955432","topic:economy-welfare","title","neoliberal"
"W2006955432","region:latin-america","title","latin america"
"W2006955432","country:mexico","title","mexico"
"W2006955432","country:mexico","title","mexican (+ political word)"
"W2043038593","country:croatia","title","croatia"
"W2043038593","region:europe","rule","from the country named"
"W2170512920","country:egypt","title","egypt"
"W2170512920","country:egypt","abstract","egypt"
"W2170512920","region:mena","rule","from the country named"
"W278067939","topic:parties","abstract","parties"
"W278067939","topic:parties","abstract","party"
"W278067939","topic:gender","title","gender"
"W278067939","topic:gender","abstract","gender"
"W278067939","topic:gender","abstract","feminists"
"W278067939","topic:gender","abstract","women"
"W278067939","topic:gender","abstract","feminist"
"W2320426135","topic:defence-security","title","terrorist"
"W4250107751","topic:parties","title","party"
"W4250107751","country:united-kingdom","title","england"
"W4250107751","country:united-kingdom","title","britain"
"W4250107751","region:europe","rule","from the country named"
"W1571001273","topic:gender","title","patriarchy"
"W1571001273","topic:religion","title","religion"
"W1571001273","topic:religion","title","secular"
"W1969183759","todo:check-record","rule","the registry writes the names in capitals (JANUSCHEK and PETERMANN-GRAUBNER): to be corrected in Zotero by hand"
"W1969183759","topic:parties","title","right wing populism"
"W2313721909","topic:parties","title","party"
"W2313721909","topic:parties","abstract","social movements"
"W2313721909","topic:parties","abstract","parties"
"W2313721909","topic:parties","abstract","party"
"W3158735542","topic:economy-welfare","abstract","economic"
"W3158735542","topic:economy-welfare","abstract","welfare"
"W2326488819","topic:defence-security","title","war"
"W2001389545","country:austria","title","austria"
"W2001389545","region:europe","rule","from the country named"
"W1972122557","country:iran","title","iran"
"W1972122557","region:mena","rule","from the country named"
"W2008438465","country:australia","title","australian (+ political word)"
"W2008438465","region:asia-pacific","rule","from the country named"
"W2487500742","topic:economy-welfare","title","economy"
"W2516450955","country:germany","title","germany"
"W2516450955","region:europe","rule","from the country named"
"W1990651372","topic:economy-welfare","abstract","economy"
"W1990651372","topic:economy-welfare","abstract","economic"
"W1990651372","topic:economy-welfare","abstract","unemployment"
"W2071802205","topic:economy-welfare","title","economy"
"W2155619293","topic:economy-welfare","title","economy"
"W2325762261","country:iran","title","iran"
"W2325762261","region:mena","rule","from the country named"
"W4232166625","topic:economy-welfare","title","economy"
"W4232578487","country:germany","title","germany"
"W4232578487","region:europe","rule","from the country named"
"W2313107753","approach:other","title","conceptualization of populism"
"W2313107753","country:argentina","title","peron"
"W2313107753","country:argentina","abstract","peron"
"W2313107753","country:argentina","abstract","peronism"
"W2313107753","region:latin-america","rule","from the country named"
"W2061730106","topic:media-communication","title","rhetoric"
"W2071227381","country:united-states","title","us"
"W2071227381","region:north-america","rule","from the country named"
"W2070291555","topic:parties","title","party"
"W2325023353","topic:parties","title","social movements"
"W2325023353","topic:economy-welfare","title","economy"
"W1977697551","region:latin-america","title","latin america"
"W2319499313","topic:religion","abstract","christianity"
"W2319499313","topic:religion","abstract","church"
"W2319499313","topic:religion","abstract","catholic"
"W2261480672","country:burkina-faso","title","burkina faso"
"W2261480672","country:ghana","title","ghana"
"W2261480672","region:sub-saharan-africa","rule","from the country named"
"W2014471286","country:united-kingdom","title","england"
"W2014471286","country:united-kingdom","title","wales"
"W2014471286","region:europe","rule","from the country named"
"W2040895761","topic:economy-welfare","title","economic crisis"
"W2040895761","country:brazil","title","brazil"
"W2040895761","region:latin-america","rule","from the country named"
"W2075174538","topic:economy-welfare","abstract","tariff"
"W2075174538","country:germany","title","germany"
"W2075174538","country:united-states","abstract","united states"
"W2075174538","country:united-states","abstract","american (+ political word)"
"W2075174538","region:europe","rule","from the country named"
"W2075174538","region:north-america","rule","from the country named"
"W2084857436","todo:check-record","rule","the registry writes the names in capitals (MOGHADAM): to be corrected in Zotero by hand"
"W2084857436","topic:religion","title","islam"
"W2084857436","country:iran","title","iran"
"W2084857436","region:mena","rule","from the country named"
"W2037138178","topic:democracy-institutions","abstract","constitutional"
"W2037138178","country:south-africa","title","south africa"
"W2037138178","region:sub-saharan-africa","rule","from the country named"
"W2335553046","topic:democracy-institutions","title","authoritarian"
"W2335553046","country:egypt","title","egypt"
"W2335553046","country:egypt","title","egyptian (+ political word)"
"W2335553046","region:mena","rule","from the country named"
"W4229604517","topic:parties","title","party"
"W2054729565","country:brazil","title","brazil"
"W2054729565","region:latin-america","rule","from the country named"
"W1975539309","country:germany","title","germany"
"W1975539309","region:europe","rule","from the country named"
"W1998882957","country:germany","title","germany"
"W1998882957","region:europe","rule","from the country named"
"W2514775663","topic:religion","title","religion"
"W2514775663","country:france","title","france"
"W2514775663","region:europe","rule","from the country named"
"W4244946694","topic:economy-welfare","title","welfare"
"W2317451809","topic:democracy-institutions","title","authoritarian"
"W2317451809","country:algeria","title","algeria"
"W2317451809","country:egypt","title","egyptian (+ political word)"
"W2317451809","country:libya","title","libya"
"W2317451809","country:tunisia","title","tunisia"
"W2317451809","region:mena","rule","from the country named"
"W185809059","country:ghana","title","ghana"
"W185809059","region:sub-saharan-africa","rule","from the country named"
"W2059753531","topic:parties","title","party"
"W2469496579","topic:parties","title","far right"
"W2469496579","country:france","title","french (+ political word)"
"W2469496579","region:europe","rule","from the country named"
"W1966920588","topic:parties","abstract","candidates"
"W1966920588","topic:parties","abstract","party"
"W1966920588","topic:parties","abstract","parties"
"W1966920588","topic:voters","title","electoral support"
"W1966920588","topic:economy-welfare","abstract","economic"
"W1968867832","country:japan","title","japan"
"W1968867832","region:asia-pacific","rule","from the country named"
"W2001174958","topic:democracy-institutions","title","populism and democracy"
"W4247612985","topic:parties","title","populist movement"
"W2607397731","topic:democracy-institutions","title","authoritarian"
"W2607397731","country:egypt","title","egyptian (+ political word)"
"W2607397731","region:mena","rule","from the country named"
"W2037844424","topic:economy-welfare","abstract","economic crisis"
"W2037844424","topic:economy-welfare","abstract","economic"
"W2037844424","topic:democracy-institutions","title","authoritarianism"
"W2037844424","topic:democracy-institutions","abstract","authoritarian"
"W2037844424","topic:democracy-institutions","abstract","authoritarianism"
"W2074695365","country:united-states","title","american (+ political word)"
"W2074695365","region:north-america","rule","from the country named"
"W2046643512","topic:economy-welfare","title","economic"
"W2046643512","topic:media-communication","title","rhetorical"
"W2048184447","country:turkey","title","turkey"
"W2048184447","region:europe","rule","from the country named"
"W1969318363","topic:democracy-institutions","title","courts"
"W2001012621","region:asia-pacific","title","asian"
"W2001012621","region:asia-pacific","title","east asia"
"W2001012621","country:australia","title","australia"
"W2001012621","country:japan","title","japan"
"W4312580562","topic:defence-security","title","military"
"W4312580562","topic:democracy-institutions","title","authoritarianism"
"W4312580562","country:argentina","title","argentina"
"W4312580562","region:latin-america","rule","from the country named"
"W2152164306","topic:democracy-institutions","title","authoritarian"
"W2152164306","country:united-kingdom","title","britain"
"W2152164306","region:europe","rule","from the country named"
"W4414176973","topic:democracy-institutions","title","authoritarian"
"W2270667250","country:ghana","title","ghana"
"W2270667250","region:sub-saharan-africa","rule","from the country named"
"W1502497725","country:mexico","title","mexican (+ political word)"
"W1502497725","region:latin-america","rule","from the country named"
"W2056495564","country:united-states","title","usa"
"W2056495564","region:north-america","rule","from the country named"
"W3002585813","country:argentina","title","argentine (+ political word)"
"W3002585813","region:latin-america","rule","from the country named"
"W1970843494","country:guyana","title","guyana"
"W1970843494","country:guyana","abstract","guyana"
"W1970843494","region:latin-america","rule","from the country named"
"W2036326264","topic:government","title","populist rule"
"W2063037905","topic:religion","title","religion"
"W2063037905","country:france","title","france"
"W2063037905","region:europe","rule","from the country named"
"W2143617107","topic:religion","title","religion"
"W2143617107","country:france","title","france"
"W2143617107","region:europe","rule","from the country named"
"W4229682584","country:argentina","title","argentine (+ political word)"
"W4229682584","region:latin-america","rule","from the country named"
"W4243018466","topic:religion","title","religion"
"W4243018466","country:france","title","france"
"W4243018466","region:europe","rule","from the country named"
"W4248882222","topic:parties","title","party"
"W1976067200","country:united-states","abstract","u s"
"W1976067200","country:grenada","abstract","grenada"
"W1976067200","region:north-america","rule","from the country named"
"W1976067200","region:latin-america","rule","from the country named"
"W4414178668","topic:democracy-institutions","title","authoritarian"
"W1981715225","region:sub-saharan-africa","title","african"
"W2053542901","topic:parties","title","populist leadership"
"W2053542901","topic:parties","title","party"
"W2053542901","country:ecuador","title","ecuador"
"W2053542901","region:latin-america","rule","from the country named"
"W2140362156","topic:economy-welfare","title","economic"
"W2313676394","country:united-states","title","american (+ political word)"
"W2313676394","region:north-america","rule","from the country named"
"W2502634161","country:brazil","title","brazil"
"W2502634161","region:latin-america","rule","from the country named"
"W1998913411","country:mexico","title","mexican (+ political word)"
"W1998913411","region:latin-america","rule","from the country named"
"W4313134415","region:latin-america","title","south america"
"W2127770485","country:brazil","title","brazil"
"W2127770485","region:latin-america","rule","from the country named"
"W2476928189","country:mexico","title","mexican (+ political word)"
"W2476928189","region:latin-america","rule","from the country named"
"W2481987342","country:peru","title","peru"
"W2481987342","region:latin-america","rule","from the country named"
"W2894966041","country:peru","title","peru"
"W2894966041","region:latin-america","rule","from the country named"
"W4213116754","country:brazil","title","brazil"
"W4213116754","region:latin-america","rule","from the country named"
"W4247141772","country:mexico","title","mexican (+ political word)"
"W4247141772","region:latin-america","rule","from the country named"
"W1999432055","topic:voters","title","voting behavior"
"W1999432055","topic:economy-welfare","title","economics"
"W2016801117","topic:economy-welfare","abstract","economy"
"W2016801117","topic:economy-welfare","abstract","unemployment"
"W2016801117","country:iran","title","iran"
"W2016801117","region:mena","rule","from the country named"
"W2030235932","topic:parties","title","populist movement"
"W2030235932","topic:parties","abstract","populist movement"
"W2030235932","topic:parties","abstract","populist leaders"
"W2030235932","method:quantitative","abstract","statistical analyses"
"W2070525932","country:peru","title","peru"
"W2070525932","region:latin-america","rule","from the country named"
"W4361763219","country:philippines","title","philippine (+ political word)"
"W4361763219","region:asia-pacific","rule","from the country named"
"W1985227699","topic:economy-welfare","abstract","economy"
"W1985227699","country:mexico","title","mexico"
"W1985227699","country:mexico","abstract","mexico"
"W1985227699","region:latin-america","rule","from the country named"
"W2477518895","topic:democracy-institutions","title","authoritarianism"
"W2500853420","topic:democracy-institutions","title","authoritarianism"
"W4249079683","topic:parties","title","parties"
"W4249079683","country:russia","title","russia"
"W4249079683","region:europe","rule","from the country named"
"W1975573552","country:chile","title","chile"
"W1975573552","region:latin-america","rule","from the country named"
"W1994149541","country:india","title","india"
"W1994149541","region:asia-pacific","rule","from the country named"
"W2316971666","country:india","title","india"
"W2316971666","region:asia-pacific","rule","from the country named"
"W2332445424","country:austria","title","austria"
"W2332445424","region:europe","rule","from the country named"
"W2170470859","country:united-states","abstract","american (+ political word)"
"W2170470859","region:north-america","rule","from the country named"
"W1972985668","country:nigeria","title","nigeria"
"W1972985668","region:sub-saharan-africa","rule","from the country named"
"W2605804020","topic:defence-security","title","military"
"W2605804020","country:bolivia","title","bolivia"
"W2605804020","region:latin-america","rule","from the country named"
"W2324079727","topic:spatial","title","rural"
"W1989663635","topic:economy-welfare","title","economic"
"W2328014299","topic:parties","title","partisan"
"W2328014299","topic:parties","abstract","parties"
"W2328014299","topic:parties","abstract","candidates"
"W2328014299","topic:voters","abstract","voting behavior"
"W2328014299","topic:religion","abstract","religious"
"W2328014299","country:united-states","abstract","united states"
"W2328014299","country:united-states","abstract","jacksonian"
"W2328014299","country:united-states","abstract","american (+ political word)"
"W2328014299","region:north-america","rule","from the country named"
"W1473410450","approach:discursive","title","laclau"
"W4253716906","country:chile","title","chile"
"W4253716906","region:latin-america","rule","from the country named"
"W2031516850","country:india","title","india"
"W2031516850","region:asia-pacific","rule","from the country named"
"W2504257960","country:chile","title","chile"
"W2504257960","region:latin-america","rule","from the country named"
"W2321538921","topic:parties","title","populist movement"
"W2492666999","topic:parties","title","populist movement"
"W2143017233","region:latin-america","abstract","latin america"
"W2034132065","topic:media-communication","title","rhetoric"
"W2327285368","topic:economy-welfare","title","economic"
"W2327285368","topic:economy-welfare","abstract","economic"
"W2327285368","topic:economy-welfare","abstract","international trade"
"W2327285368","topic:economy-welfare","abstract","economics"
"W2327285368","region:sub-saharan-africa","title","africa"
"W3145679168","country:india","title","india"
"W3145679168","region:asia-pacific","rule","from the country named"
"W2102384948","topic:parties","title","populist movement"
"W2503242969","region:latin-america","title","latin america"
"W4240068957","topic:parties","title","party"
"W4250937405","country:poland","title","polish (+ political word)"
"W4250937405","region:europe","rule","from the country named"
"W2322536921","topic:parties","title","party"
"W2322536921","country:united-kingdom","title","british (+ political word)"
"W2322536921","region:europe","rule","from the country named"
"W2055575508","approach:measurement","title","measure populist"
"W2055575508","topic:voters","title","populist attitudes"
"W2055575508","topic:voters","abstract","respondents"
"W2055575508","country:united-states","abstract","united states"
"W2055575508","country:united-states","abstract","american (+ political word)"
"W2055575508","region:north-america","rule","from the country named"
"W2012011514","country:united-kingdom","title","england"
"W2012011514","region:europe","rule","from the country named"
"W2020629331","country:united-states","title","u s"
"W2020629331","region:north-america","rule","from the country named"
"W1988873439","topic:parties","title","far right"
"W1988873439","topic:democracy-institutions","title","authoritarians"
"W2516808132","country:austria","title","austria"
"W2516808132","region:europe","rule","from the country named"
"W4240727973","country:austria","title","austria"
"W4240727973","region:europe","rule","from the country named"
"W2003532527","topic:parties","title","party"
"W2050023310","topic:religion","title","catholic"
"W2050023310","country:france","title","france"
"W2050023310","region:europe","rule","from the country named"
"W2035700300","topic:parties","title","party"
"W2035700300","topic:spatial","title","rural"
"W2035700300","country:finland","title","finland"
"W2035700300","region:europe","rule","from the country named"
"W2068233476","country:lithuania","title","lithuanian (+ political word)"
"W2068233476","region:europe","rule","from the country named"
"W2005395770","region:latin-america","title","latin america"
"W2005395770","country:united-states","title","u s"
"W2005395770","region:north-america","rule","from the country named"
"W2163833060","topic:defence-security","abstract","military"
"W2163833060","topic:democracy-institutions","abstract","constitution"
"W2010291551","country:bolivia","title","bolivia"
"W2010291551","region:latin-america","rule","from the country named"
"W4240697250","country:united-states","title","usa"
"W4240697250","region:north-america","rule","from the country named"
"W2077429684","topic:spatial","title","rural"
"W2323211813","topic:spatial","title","rural"
"W4231094812","topic:spatial","title","rural"
"W4247406260","topic:spatial","title","rural"
"W2071747720","topic:parties","title","manifesto"
"W4240570393","country:russia","title","russian (+ political word)"
"W4240570393","region:europe","rule","from the country named"
"W2037605671","todo:check-record","rule","the registry writes the names in capitals (SÄNKIAHO): to be corrected in Zotero by hand"
"W2037605671","topic:parties","title","party"
"W2037605671","topic:spatial","title","rural"
"W4234529415","country:russia","title","russian (+ political word)"
"W4234529415","region:europe","rule","from the country named"
"W2071082013","topic:defence-security","title","military"
"W2071082013","country:peru","title","peru"
"W2071082013","region:latin-america","rule","from the country named"
"W2327529504","topic:parties","title","manifestoes"
"W2327529504","country:russia","title","russian (+ political word)"
"W2327529504","region:europe","rule","from the country named"
"W2587446805","country:russia","title","russian (+ political word)"
"W2587446805","region:europe","rule","from the country named"
"W4242424517","country:russia","title","russian (+ political word)"
"W4242424517","region:europe","rule","from the country named"
"W2167834173","region:sub-saharan-africa","title","africa"
"W2587190477","country:russia","title","russian (+ political word)"
"W2587190477","region:europe","rule","from the country named"
"W2100147450","topic:religion","title","catholicism"
"W2100147450","topic:religion","abstract","catholic"
"W2100147450","topic:religion","abstract","church"
"W2100147450","topic:religion","abstract","catholicism"
"W2100147450","topic:religion","abstract","christian"
"W2100147450","region:latin-america","title","latin america"
"W2100147450","region:latin-america","abstract","latin america"
"W2322695123","todo:check-record","rule","the registry writes the names in capitals (HALL): to be corrected in Zotero by hand"
"W4236729634","topic:religion","title","religion"
"W2320279012","country:united-states","title","american (+ political word)"
"W2320279012","region:north-america","rule","from the country named"
"W2106920355","todo:check-record","rule","the registry writes the names in capitals (ELLIOTT): to be corrected in Zotero by hand"
"W1969356641","region:sub-saharan-africa","abstract","african"
"W1882921858","topic:migration","title","nativism"
"W4361858117","topic:migration","title","nativism"
"W1424478720","topic:migration","title","nativism"
"W2095271507","country:colombia","title","colombia"
"W2095271507","region:latin-america","rule","from the country named"
"W2113546956","country:russia","title","russia"
"W2113546956","country:russia","title","russian (+ political word)"
"W2113546956","region:europe","rule","from the country named"
"W2145508805","country:russia","title","russian (+ political word)"
"W2145508805","region:europe","rule","from the country named"
"W4362709975","topic:economy-welfare","title","economic"
"W2487035362","topic:parties","title","populist movement"
