published,kind,reference,title,journal_or_publisher,doi,topics,regions,countries
2026-09-29,journal article,Abbas and Laiwang 2026,"Populism and democracy in Pakistan: a survey-based analysis of populist attitudes, institutional trust, and political engagement",Asian Journal of Political Science,10.1080/02185377.2026.2736457,Voters and attitudes; Media and communication; Democracy and institutions,Asia-Pacific,Pakistan
2026-09-30,journal article,Ahmad Jan et al. 2026,Rape Reporting: A Critical Analysis of Sexist and Populist Sensationalism,Women's Studies in Communication,10.1080/07491409.2026.2729688,,,
2026-09-19,journal article,Akinteye et al. 2026,"Populists at the Helm: ideology, policy tools, and bank liquidity creation","Journal of International Financial Markets, Institutions and Money",10.1016/j.intfin.2026.102406,Economy and welfare,,
2026-09-07,journal article,Alvarado et al. 2026,Framing and news sharing behavior: the use of confirmation and refutation statements in the election of a right-wing populist leader,Humanities and Social Sciences Communications,10.1057/s41599-026-08888-0,"Parties, leaders and movements; Media and communication",Latin America,Argentina
2026-09-01,journal article,Alvis et al. 2026,Cost of Living Populism: A Discussion,IPPR Progressive Review,10.1111/newe.70034,,Europe,United Kingdom
2026-09-23,journal article,Andersson 2026,The environmental consequences of rising political populism and growing economic inequality,Journal of Environmental Economics and Policy,10.1080/21606544.2026.2734727,"Parties, leaders and movements; Economy and welfare",,
2026-09-05,journal article,Andreadis and Stavrakakis 2026,Articulation as catalyst: how populism may help transform ethnic nationalism into nativism,Political Research Exchange,10.1080/2474736x.2026.2721308,Migration,,
2026-09-10,journal article,Arifirnando et al. 2026,Protest Framing Shift on Social Media: Comparing Populist and Cultural Leadership Responses in Indonesia,F1000Research,10.12688/f1000research.188420.1,Media and communication,Asia-Pacific,Indonesia
2026-09-23,journal article,Aronsson et al. 2026,Populism and impatience,Public Choice,10.1007/s11127-026-01441-2,"Parties, leaders and movements; Voters and attitudes",,
2026-09-12,journal article,Ayan Musil et al. 2026,Proximity as populist performance: A video data analysis of the 2023 Turkish elections,Mediterranean Politics,10.1080/13629395.2026.2730720,"Parties, leaders and movements; Voters and attitudes",Europe,Turkey
2026-09-15,journal article,Blinderman 2026,Old Times There Are Not Forgotten: The Legacy of Southern Populism for Public Goods Provision,Studies in American Political Development,10.1017/s0898588x2610039x,"Parties, leaders and movements; Democracy and institutions",,
2026-09-29,journal article,Bolet et al. 2026,Does populist anti-climate rhetoric drive public opposition to climate policy? Testing socio-cultural and economic frames,Environmental Politics,10.1080/09644016.2026.2731598,"Parties, leaders and movements; Economy and welfare; Media and communication",Europe,United Kingdom
2026-09-03,journal article,Bordignon and Pansardi 2026,"Populist Radical Right Women Leaders and the Framing of LGBTQI+ Issues: Le Pen, Meloni, and Weidel",Politics and Governance,10.17645/pag.12533,"Parties, leaders and movements; Media and communication; Gender",Europe,France; Italy
2026-09-22,journal article,Bourekkadi and Elarraj 2026,Penal Populism and the Failure of Its Core Claims,Discover Global Society,10.1007/s44282-026-00588-z,Voters and attitudes,,
2026-09-18,journal article,Ćetković 2026,When diplomats go populist: the normalization of populist discourse in digital diplomacy,Social Semiotics,10.1080/10350330.2026.2734333,Foreign policy; Media and communication,Middle East and North Africa,Israel
2026-09-14,journal article,Chykina et al. 2026,Does Populism Threaten Academic Freedom? A Cross-National Study of Asia and Europe,American Journal of Education,10.1086/743065,,Europe; Asia-Pacific,
2026-09-10,journal article,De Giorgi and Zulianello 2026,"Female Leadership, Gender Neutralization, and the Populist Radical Right: The Case of Giorgia Meloni",Politics and Governance,10.17645/pag.12556,"Parties, leaders and movements; Gender",Europe,Italy
2026-09-11,journal article,de la Torre and Diehl 2026,Commentary for the Special Issue “The Politics of Populist Culture”,Populism,10.1163/25888072-bja10107,Gender,,
2026-09-03,journal article,Echeverría 2026,What is migration populism? Concept development and the Italian case,Journal of Ethnic and Migration Studies,10.1080/1369183x.2026.2725414,"Parties, leaders and movements; Migration",Europe,Italy
2026-09-04,journal article,Ferrari and Duthoit 2026,Jannik Sinner seen by Giorgia Meloni: the populist co-optation of Italian sports heroes,International Journal of Sport Policy and Politics,10.1080/19406940.2026.2727440,"Parties, leaders and movements; Media and communication",Europe,Italy
2026-09-11,journal article,Foley et al. 2026,Individuals Meaningfully Differ in How They Construct the Populist Subject of ‘the People’: Development and Initial Validation of the Popular Inclusion and Exclusion Scale,European Journal of Social Psychology,10.1002/ejsp.70113,,,
2026-09-22,journal article,Gentile et al. 2026,Digital Populism and EU Regulatory Responses: An Ecosystem Analysis,European Journal of Risk Regulation,10.1017/err.2026.10142,The international sphere,Europe,
2026-09-11,journal article,Hatami 2027,"Populist urbanism and the speculation network: Discourse, conflict, and planning monopoly in Hamadan",Journal of Urban Management,10.1016/j.jum.2026.100558,Media and communication,,
2026-09-17,journal article,Hildebrandt et al. 2026,The Road to Nowhere: Being Rooted in a Region Does Little to Predict Support for Populist Parties or Opposition to Migration and Social Change,The British Journal of Sociology,10.1111/1468-4446.70172,"Parties, leaders and movements; Voters and attitudes; Migration",,
2026-09-03,journal article,Jiang and Zhang 2026,Navigating the New Reality: Populism and Ownership Strategy in Cross‐border Acquisition,British Journal of Management,10.1111/1467-8551.70103,,,
2026-09-07,journal article,Kayserilioğlu 2026,Resilient populism in a changing world: oppositional strategies in Turkey and their prospects,European Politics and Society,10.1080/23745118.2026.2728056,Populists in government; Economy and welfare; Democracy and institutions,Europe,Turkey
2026-09-22,journal article,Kliger 2026,Peasant to Revolutionary: Combined Genre in Populist Agitation Literature,The Russian Review,10.1111/russ.70202,,,
2026-09-10,journal article,Lambrechts and De Cleen 2026,"Shifting configurations of nationalism, populism, and conservatism: far-right environmental discourse on agriculture, climate, and energy",Environmental Politics,10.1080/09644016.2026.2728447,"Parties, leaders and movements",,
2026-09-03,journal article,Merullo and Weeks 2026,Women’s Leadership and the Expansion of Populist Radical Right Party Agendas,Politics and Governance,10.17645/pag.12520,"Parties, leaders and movements; Media and communication; Gender; Migration",,
2026-09-23,journal article,Moreschi 2026,Populist parties as anchors of ‘democratic’ consolidation? Evidence from Ecuador’s Movimiento Alianza PAIS,Italian Political Science Review/Rivista Italiana di Scienza Politica,10.1017/ipo.2026.10097,"Parties, leaders and movements; Voters and attitudes",Latin America,Ecuador
2026-09-03,journal article,Mudde 2026,"Strongmen, populism and soccer: comparing Silvio Berlusconi, Viktor Orbán and Donald Trump",International Journal of Sport Policy and Politics,10.1080/19406940.2026.2727426,Media and communication,Europe; North America,Hungary; Italy; United States
2026-09-03,journal article,Nam 2026,Crafting a Populist Narrative in South Korea: Left Ideational Entrepreneurs and Historical Memory,American Behavioral Scientist,10.1177/00027642261472329,,Asia-Pacific,South Korea
2026-09-10,journal article,Oklobdzija and Witko 2026,Backlashes to Gender Equality and Authoritarian Populism in the U.S.,Political Research Quarterly,10.1177/10659129261485340,"Parties, leaders and movements; Voters and attitudes; Gender; Democracy and institutions",North America,United States
2026-09-10,journal article,Osborne 2026,"Populism, Counter-Liberalism and Charisma","International Journal of Politics, Culture, and Society",10.1007/s10767-026-09602-3,,,
2026-09-15,journal article,Papastathis et al. 2026,Religious ethno-populism in contemporary Greece: analysing the discourse of the Níki party,Southeast European and Black Sea Studies,10.1080/14683857.2026.2732923,"Parties, leaders and movements; Religion",Europe,Greece
2026-09-22,journal article,Pérez-Curiel et al. 2026,When populism meets artificial intelligence: AI-generated multimedia content and far-right digital campaigning on Instagram and X in the 2024 European elections,Social Sciences & Humanities Open,10.1016/j.ssaho.2026.103611,"Parties, leaders and movements; Media and communication; Migration",Europe,Germany
2026-09-01,journal article,Riemer and Wajner 2026,The intelligence cyclone: How populism reshapes intelligence-policy relations,Contemporary Security Policy,10.1080/13523260.2026.2722403,,Middle East and North Africa,Israel
2026-09-11,journal article,Serrano et al. 2026,A Reflection on the Populist Challenge for Oral Health Professions Education,European Journal of Dental Education,10.1111/eje.70308,Media and communication,,
2026-09-15,journal article,Soares et al. 2026,Populist profiles of young adults: Differences in political and emotional dimensions,Political Studies Review,10.1177/14789299261485641,"Parties, leaders and movements; Voters and attitudes",,
2026-09-12,journal article,Söderström et al. 2026,The affective paradox in populist online communities: Emotional capital and emotional liability,International Journal of Comparative Sociology,10.1177/00207152261484401,,,
2026-09-10,journal article,Turska-Kawa and Pilch 2026,Grey voters and populist voting. The role of religiosity and national collective narcissism,PLOS One,10.1371/journal.pone.0336831,Voters and attitudes; Religion,,
2026-09-30,journal article,Verbeek and Zaslove 2026,The impact of populism on the foreign policies of states: towards an analytical framework,Southeast European and Black Sea Studies,10.1080/14683857.2026.2738399,Foreign policy,,
2026-09-08,journal article,Vestergaard 2026,"Overpromising populists? Why challenger parties make fewer, not more, promises than established parties",European Journal of Political Research,10.1017/s1475676526101716,"Parties, leaders and movements",,
2026-09-02,journal article,Webb et al. 2026,"Personality, populism and party: support for ‘dark triad’ leaders in the UK",West European Politics,10.1080/01402382.2026.2718981,"Parties, leaders and movements",Europe,United Kingdom
2026-09-17,book,Cohen and Tarragoni 2026,The Populist Tradition: A Critical-Historic Approach,Routledge,10.4324/9781042013982,,,
2026-09-30,book,Ungureanu and Mihai 2026,Resurgent Far-Right Populism in Romania: Disenchantment and Hope at Europe’s Periphery,Routledge,10.4324/9781003711971,"Parties, leaders and movements",Europe,Romania
2026-09-22,book review,Chaudhry 2026,"Book review: Adnan Naseemullah and Pradeep Chhibber, Righteous Demagogues: Populist Politics in South Asia and Beyond",South Asia Research,10.1177/02627280261487512,,Asia-Pacific,
2026-09-28,book review,Pykett 2026,"Precipitous times, precarious institutions and emotional governance (review of Anderson and Secor, The Politics of Feeling. Populism, Progressivism, Liberalism)",Dialogues in Human Geography,10.1177/20438206261492404,,,
2026-09-29,book review,Yang 2026,"Commissioned Book Review: Furedi, In Defence of Populism",Political Studies Review,10.1177/14789299261490013,,,
